<?xml version="1.0" encoding="UTF-8"?>
<preferences>
 <debug showDebugMenu="0" />
 <systemtable filter="All Interfaces">
  <columns>
   <connections preferredWidth="191" />
   <irq preferredWidth="47" />
  </columns>
 </systemtable>
 <library
   expandedCategories="Library/Interface Protocols,Library/Interface Protocols/PCI Express,Library,Library/Processors and Peripherals/Peripherals,Library/Interface Protocols/PCI Express/QSYS Example Designs,Project,Library/Processors and Peripherals" />
 <window width="1936" height="1056" x="-8" y="-8" />
</preferences>
